ID,Title,Location,Salary,Summary
112db0c64f7899b8,[한국필립모리스] 각 부문,서울 영등포구,,통신·모바일·게임>웹프로그래머> Python|인터넷·IT·통신·모바일·게임... 용프로그래머>자바스크립트|인터넷·IT·통신·모바일·게임>응용프로그래머> Python|인터넷·IT·통신·모바일·게임>시스템프로그래머>펌웨어·어셈블러|인터...
7f3f57623d469750,각 부문별,서울 영등포구,,바스크립트|인터넷·IT·통신·모바일·게임>응용프로그래머>클라우드|인터넷·IT·통신·모바일·게임>응용프로그래머> Python|인터넷·IT·통신·모바일·게임>응용프로그래머>SAP·ABAP|인터넷·IT·통신·모바일·게임>웹프로그래머...
2b9e604e63e7e46d,[카카오커머스] 기술직군,성남 분당구,,"우대사항 - 전자금융 감독규정, PCIDSS에 대한 실무 경험이나 이해도가 높으신 분 - JAVA, Python, shell script 등 개발 역량을 갖추신 분 - 웹/앱 취약점 진단 및 모의해킹 역량을 갖추신..."
e1f6164f1d03449a,주식회사 데이터스트림즈 기술연구소 Python/Java 개발자,성남 분당구,,데이터스트림즈 기술연구소 Python/Java 개발자 채용 모집부문 및 자격요건 담당업무 자격요건 우대사항 Python/Java 개발 직군 경력직... 통신·모바일·게임>웹프로그래머> Python|인터넷·IT·통신·모바일·게임...
87309d3ff40ead61,딥러닝 AI 개발 연구원,성남 수정구,,시스템프로그래머>임베디드(Embedded)|인터넷·IT·통신·모바일·게임>응용프로그래머>C·C++|인터넷·IT·통신·모바일·게임>응용프로그래머>Linux|인터넷·IT·통신·모바일·게임>빅데이터·AI(인공지능)> Python
aac8e9355cb855ac,[인재풀] 아티스트 ART,서울,,Maya or 3D Max등의 아트웍 툴 사용 경험 Max script 또는 Mel Script의 사용 경험 C# 또는 Python 언어에 대한 이해 및 활용 능력 아트웍 관련 툴 제작 또는 플러그인 제작 경험
c35e0100a6fa97dd,각 부문별,서울 강남구,,응용프로그래머>클라우드|인터넷·IT·통신·모바일·게임>응용프로그래머> Python|인터넷·IT·통신·모바일·게임>웹프로그래머>JAVA|인터넷·IT·통신... 게임>빅데이터·AI(인공지능)> Python|인터넷·IT·통신·모바일·게임...
df86d9b3c5f1ead7,5G R&D 소프트웨어 개발자,서울,,"Erlang, Java, Python Domain experience... 프로그래밍 언어: C, C++ (필수) / Erlang, Java, Python(우대) 기술 분야: 라디오 엑세스 네트워크, 5G NR, LTE..."
5ea9ea023c6ccc03,"S/W 엔지니어, 데이터분석 신입/경력 정규직, 인턴",성남 분당구,,"케이션 제작 및 유지보수 업무- Python, Golang, QT 중 선택... 2. 시스템프로그래머- Python, Golang, QT 중 선택 가능3. 영상데이터 분석 및 모델링- python기반 영상데이터 분석 및 모델링..."
20c20d5b4ade577d,C++ Developer for High Performance Cloud Database,서울,,"C++ Experience in multi-thread programming Experience in SQL, Python, Git Experienced... development on Linux environment..."
07ca8246e466046d,"인공지능(AI), 비전인식 신입/경력 정규직",창원 마산회원구,,"• C++ / C# / Python 중 1개이상 사용가능 • MFC / QT... 무기술: 시스템프로그래머, 응용프로그램개발기타: • C++ / C# / Python 중 1개이상 사용가능• MFC / QT / OPENCV / SQL..."
e7c8c2b11f24fb43,Software Engineer,서울,,"languages, including... limited to: C++, Java, C and Python. Excellent written and verbal communication skills. About..."
45b22fa764b0dae9,"빅데이터, 인공지능(AI) 외 신입 인턴",서울 종로구,"월급 2,000,000원",AI(인공지능)>인공지능(AI)|인터넷·IT·통신·모바일·게임>빅데이터·AI(인공지능)>데이터분석|인터넷·IT·통신·모바일·게임>빅데이터·AI(인공지능)> Python|인터넷·IT·통신·모바일·게임>빅데이터·AI(인공지능)>R
df21e3bb5d773616,Python Programmer,서울 서초구,,개발 – JAVA 프로그래밍(라이브러리 활용) – Spring 프레임 워크 개발 – Python API 프로그래밍 우대사항 – Python 개발 경험 – Open Source 라이브러리 개발경험 – Web 표준에 대한 경험...
485252a8f28fa0f8,데이터 사이언티스트 전문가,서울특별시,,"개발 경험 . 자연어처리/시계열 분석/머신러닝/데이터 마이닝 알고리즘 이론 및 실무 적용에 대한 깊은 이해 . Python Data & Analytics 라이브러리 경험 (NLTK, Spacy, Scikit-Learn..."
5366e5f3091b980a,[ IT 취업 교육 ] 자바·모바일 실무 개발자 / 네트워크·파이썬 실무 전문가,부산 부산진구,,통신·모바일·게임>웹프로그래머>백엔드|인터넷·IT·통신·모바일·게임>응용프로그래머>Android|인터넷·IT·통신·모바일·게임>빅데이터·AI(인공지능)> Python|인터넷·IT·통신·모바일·게임>빅데이터·AI(인공지능)>R
e11919aa1a40d234,Software Intern,서울,,"good communication skills Good Programming Skills in C#, C, Python Understanding of attached peripherals (I2C, SPI) Basic..."
14d562d10c215572,"PHP, Python 신입/경력 정규직",서울 금천구,,"주식회사 비즈부스터 PHP, Python 개발자 채용 모집부문 및 자격요건 담당업무 자격요건 인원 [담당업무]*당사의 서비스(비즈탑) 솔루션 및 서비... 프로그래머>PHP |인터넷·IT·통신·모바일·게임>웹프로그래머> Python"
3cede9ae131767ae,[NICE평가정보]상반기 경력직원 수시,서울 영등포구,,"4년제)ㆍ지원 부문 업무 관련 1년이상 경험자ㆍ데이터 분석 역량 보유 (데이터 분류 경험, R, SAS, Python 등 다뤄본 경험) 우대요건[개인신용평가 모형개발/데이터 분석 컨설팅/컨설팅]ㆍ석사학위 보유자 /리스크관리..."
6c22d6b1775d848a,2022 빗썸 테크캠프 (IOS·블록체인 코스),서울 강남구,,통신·모바일·게임>웹프로그래머> Python|인터넷·IT·통신·모바일·게임... 로그래머>머신러닝(ML)|인터넷·IT·통신·모바일·게임>응용프로그래머> Python|인터넷·IT·통신·모바일·게임>응용프로그래머>증강현실(AR)|인터넷...
b6950e35673a5474,[SAPEON Korea] SDK 부문 개발자,성남 분당구,,인터넷·IT·통신·모바일·게임>웹프로그래머>ASP.NET|인터넷·IT·통신·모바일·게임>웹프로그래머> Python|인터넷·IT·통신·모바일·게임>웹프로그래머>프론트엔드|인터넷·IT·통신·모바일·게임>웹프로그래머>백엔드|인터넷...
ccd4f5407a32ba6a,Data Scientist,서울,,"analysis a plus, Programming... scripting exp.: eg. Python, C#, VBA, Java, Perl, etc. Experience in applied analytics..."
8cc372a6b78679b1,"인공지능(AI), Python(응용프로그램 개발자) 외 신입/경력 정규직",서울 성북구,"연봉 25,000,000원 - 30,000,000원","(주)쿠노소프트 인공지능(AI), Python 외 신입/경력 정규직 채용... 래머>인공지능(AI)|인터넷·IT·통신·모바일·게임>응용프로그래머> Python|인터넷·IT·통신·모바일·게임>응용프로그래머>Visual C++(MFC..."
40de6a4b81f8724f,[전문연구요원 신규편입/전직] 의료영상/음성인식/생체신호 연구원,서울 서초구,,인공지능)>텍스트마이닝|인터넷·IT·통신·모바일·게임>빅데이터·AI(인공지능)>인공지능(AI)|인터넷·IT·통신·모바일·게임>빅데이터·AI(인공지능)> Python|인터넷·IT·통신·모바일·게임>빅데이터·AI(인공지능)>딥러닝
71c47ac87bb4087e,기술 인턴 인공지능 응용 연구/개발 인턴,서울 관악구,,"6개월) (협의) *모집 절차: 서류 à인터뷰(오프라인) *지원 자격: 프로그래밍 언어 활용 능력: Python, C, C++ 중 1가지 이상 데이터구조, 알고리즘 과목 이수 머신러닝과 딥러닝의 기본 개념 이해 머신러닝..."
872035f47cfd4850,자산운용팀 전략/리스크팀 퀀트(겨울방학 인턴),대한민국,,공자의 경우 관련 과목 12학점 이상 이수 - Microsoft 엑셀 능숙자 선택 사항 (평가 가산점) - Python 또는 VBA 등 코딩 Skill 보유 - 관련 업종에서 2개월 이상 인턴쉽 또는 근무 경력 보유 - 관련...
adbd22b4349f9825,2022년도 1차 계약직,대전 유성구,,"부전공): 전자, 컴퓨터, 멀티미디어, 산업공학 등 이공계열 응용·시스템 SW 프로그래밍(C/C++/C#/ Python 등) 기술 응용·시스템 통합 개발 기술 3D 그래픽 엔진(언리얼/유니티 등) 프로그래밍 기술 석사 이상 2..."
8a6e9cac2fec97be,스크린플랫폼개발팀 웹개발자,성남 분당구,,인터넷·IT·통신·모바일·게임>통신·모바일>플랫폼(VM)|인터넷·IT·통신·모바일·게임>응용프로그래머> Python|인터넷·IT·통신·모바일·게임>웹프로그래머>웹개발
941687b6bbb14d81,웹 개발자 경력 Java/Php/Javascript/Python/Html/CSS 등 프로젝트 경력자,대전 서구,"연봉 30,000,000원 - 35,000,000원","(주)바이오브레인 웹 개발자 경력 채용 모집부문 및 자격요건 담당업무 자격요건 인원 [담당업무] ㆍ웹 기반 프로젝트 개발 및 운영 [근무부서 및 직급/직책] 직급/직책: 대리 [자격요건] ㆍJava, Php..."
4a0a00afe9aa08f7,웹개발자 신입 피아스페이스(주),서울 서초구+1 지역,"월급 2,000,000원","츠관리 등)서비스 로직 설계, 구현, 배포데이터베이스 설계, 연동, 데이터 입출력- 필요업무역량 . Python Django . SQL 쿼리문, MySQL, [우대] 클라우드 DB . 서비스 설계, 제안, Discussion..."
3cd339cf8959f44d,생명정보학 부문 박사졸 선임연구원 정규직 정규직,서울 서대문구,"연봉 50,000,000원 - 60,000,000원","- Python or R 활용가능 -Linux terminal 능숙 -생물학... 생명정보학, 생물정보학-외국어: 영어 회화가능,독해가능,작문가능- Python or R 활용가능- Linux terminal 능숙- 생물학 기초 수강..."
733b814969bff5a7,Jr. Back-end Engineer (Python),서울 강남구,,"이런 분을 찾아요 2년 이상의 Python을 활용한 백엔드 개발 업무를 수행한 경험이 있으신 분 Django, Django Rest Framework, Flask 등의 Python web framework를 사용하여..."
ebd9b7e972f551fc,서버 개발자 Python(Django) Developer (신입/경력),서울 마포구,,유관직무 경력자 서버 개발자 Python(Django) Developer... 있습니다.■ 자격 요건 인터넷·IT·통신·모바일·게임>웹프로그래머> Python|인터넷·IT·통신·모바일·게임>웹프로그래머>웹개발|인터넷·IT·통신...
b3a6c83c9debcb92,네이버 파이낸셜 플랫폼 운영,성남 삼평동,,"Docker(kubernetes) 및 어플리케이션 배포 전략 지식 보유 - Shell script, python 및 web framework 등 기타 프로그래밍 언어 활용 가능 - 국가보훈대상자 및 장애인은 법령에 의거..."
112566541738ad42,Software Developer 3,대한민국,,"Experience task automation in scripting languages like shell, Python, JavaScript, TypeScript Boat load of passion & energy..."
1fd963b87d62d30a,한화시스템/방산 2021년 한화시스템 방산부문 신사업분야 경력사원,성남 분당구,,시스템개발자|인터넷·IT·통신·모바일·게임>빅데이터·AI(인공지능)> Python|전자·기계·기술·화학·연구개발>연구원·연구개발>전기·전자|전자·기계... 그래머>C·C++|인터넷·IT·통신·모바일·게임>응용프로그래머> Python
22d44a65a579f52a,광학솔루션사업부 R&D 신입 석/박사,경기도 안산,,"microscopy - 프로그래밍 언어 사용 가능자 (Matlab, Python) [학력] - 석/박사 이상, 응용물리학/이공계열 전공자 [모집직무... 개발 경험자 우대(C/C++, Python, Matlab 등) - 제어..."
35f0a25dee5f3312,딥러닝 알고리즘 및 응용 Engineer,성남 분당구,"연봉 40,000,000원 - 100,000,000원",모바일·게임>빅데이터·AI(인공지능)>인공지능(AI)|인터넷·IT·통신·모바일·게임>빅데이터·AI(인공지능)> Python|인터넷·IT·통신·모바일·게임>빅데이터·AI(인공지능)>머신러닝|인터넷·IT·통신·모바일·게임>빅데이터...
b955c9f452035bd8,[KSTEC] 통계/Analytics 신입 및 경력사원,성남 분당구,,"지능화 (의사결정 자동화) 시스템 개발 (SPSS, SAS, R, Python, Java 기반)2. 기업용 데이터과학 & 인공지능 플랫폼 솔루션3... 게임>빅데이터·AI(인공지능)> Python|인터넷·IT·통신·모바일·게임..."
eba169ad2f8bfa95,Sr. Application Engineer - EBS,경기도 성남,,"programming language like Visual Basic, VBScript, or Python is also highly desirable Programming Skills like C language..."
e30fe92d72ceb17c,"자율 주행, 로봇 SW 개발자",성남 수정구,,"(주)에바 모집부문 및 자격요건 모집부문 담당업무 자격요건 인원 자율주행 SW 엔지니어 Python응용SW [담당업무]ROS 개발, 로봇 주행 알고리즘 개발, SW Optimization[근무부서 및 직급/직책]근무부서: 개발팀..."
c35e9b72a11aa338,[신입/경력] 의료영상/음성인식/생체신호 연구원,서울 서초구,,게임>빅데이터·AI(인공지능)>인공지능(AI)|인터넷·IT·통신·모바일·게임>빅데이터·AI(인공지능)>딥러닝|인터넷·IT·통신·모바일·게임>응용프로그래머>C·C++|인터넷·IT·통신·모바일·게임>응용프로그래머> Python
f0ad6ff0494d0fc3,각 부문별,대한민국,,"MS Office, VBA, Python 등) 경험자 우대 4. 관련업무... 법론 개발 역량 3. 파생상품 평가모형 프로그래밍 경험 (C/C++, Python 등) 4. 우대 조건 - 석사학위 이상 소지자 - 리서치 능력 보유..."
c793a3ef3425f495,빅데이터 분석 기술인력 (정규직),서울 강남구,,"담당업무]데이터 분석 분야 ( Python, R, SAS 기반의 DATA... BIG DATA 프로젝트 경험자, PL/PM 경력자 우대, R 또는 Python 활용가능한 경력자전공계열: 전산학, 컴퓨터공학, 수학, 응용소프트웨어..."
c00ed5d001e99d45,[SPMED] IT 개발자(Back-end),부산 북구,,JAVA|인터넷·IT·통신·모바일·게임>웹프로그래머>웹개발|인터넷·IT·통신·모바일·게임>웹프로그래머>백엔드|인터넷·IT·통신·모바일·게임>웹프로그래머> Python|인터넷·IT·통신·모바일·게임>데이터베이스·DBA>MySQL
19da3484bd7a72f1,Machine Learning R&D 연구원,서울 서초구,,"가능) ㆍ최신 딥러닝, 기계학습 이론에 대한 이해 및 구현 역량 ㆍ Python, TnsorFlow, C/C++, TensorRT 등 프로그래밍 실무... 대한 이해 및 구현 역량 ㆍ Python, TnsorFlow, C/C++..."
78e99625e5de3c95,전문연구요원 (병역특례) 수시 (AI / HW 분야),성남 분당구,"연봉 40,000,000원 - 100,000,000원","모델의 RTL IP 설계 및 IP 검증 가능자 - Language: Python/Perl, C/C++ [우대 조건] - ARM based SoC 설계... Linux, shell, tcl, python, perl 사용 원활..."
20abdd225641e77a,"Software QA Infotainment Test Engineer, Bundang, Gyeonggi, K...",경기도 성남,,"one or more scripting languages... Perl, Ruby, Python, or Bash Passionate about troubleshooting failures to determine..."
cae2de07045cfb2b,"Java, Python 영상툴 개발자",서울 마곡동,,원하면 가능) 담당업무 - 영상 라벨링 Tool 개발 - Tool 정확성 개선 자격요건 - Java - Python 우대사항 - 관련 개발 경력 - 툴개발 경력 근무조건 - 월~금 AM9:30 ~ PM18:30 복지...
be6c1f03fa566f8e,추천 시스템 연구/개발,성남 판교역,,"석사 또는 박사 학위 소지자 - 적어도 하나 이상의 능숙한 프로그래밍 언어가 있으신 분 우대사항 - Python, C++, GPU 프로그래밍 숙련자 - TensorFlow, PyTorch, implicit 등 머신러닝..."
65e372cb5a6e5e1f,Software Architect,경기도,,"10 plus years experience with EDA software RD Strong TCL, Python and C++ programming skills We’re doing work that matters..."
b6950e35673a5474,[SAPEON Korea] SDK 부문 개발자,성남 분당구,,인터넷·IT·통신·모바일·게임>웹프로그래머>ASP.NET|인터넷·IT·통신·모바일·게임>웹프로그래머> Python|인터넷·IT·통신·모바일·게임>웹프로그래머>프론트엔드|인터넷·IT·통신·모바일·게임>웹프로그래머>백엔드|인터넷...
834db148c2e3c7b5,앱가드 Android 개발,성남 판교역,,"모바일 앱의 해킹 탐지 및 방어 엔진 개발 - 모바일 보안 기술 연구 - C/C++, Java, Python 언어 중 하나 이상을 이용한 개발 경력 2년 이상 - 보안 관련 지식 - 모바일 보안 솔루션 개발 경험..."
6cfffc13b8a012c3,Product Test Engineer,서울,,"Knowledge of Compute Language in either C++/C or VB, Python is preferred.. Good command of oral and written English. Good..."
292a04117f547509,Field Application Engineer (m/f),서울 용산구,,용프로그래머>C·C++|인터넷·IT·통신·모바일·게임>응용프로그래머> Python|인터넷·IT·통신·모바일·게임>전산·IT기술지원>S/W 엔지니어|인터... 트웨어|인터넷·IT·통신·모바일·게임>빅데이터·AI(인공지능)> Python
447e5726f229a2b7,"Cloud Technical Solutions Engineer, Networking, Google Cloud",서울,,"reading or debugging code (e.g., Java, C, C++, .NET, Python, Shell, Perl, JavaScript). Experience advocating for customer..."
3c1c5dc51d08cf18,Web / Spring Framework 개발자,서울 금천구,,게임>웹프로그래머>JAVA|인터넷·IT·통신·모바일·게임>웹프로그래머> Python|인터넷·IT·통신·모바일·게임>웹프로그래머>ASP|인터넷·IT·통신... 통신·모바일·게임>응용프로그래머> Python|인터넷·IT·통신·모바일·게임...
1cda39e2d5c4ebba,2021년 12월 계약직 직원 채용_전산 개발,부산 가야동,,"전산개발 업무) 1) 웹(Web) 프로그램(ASP.Net, java, Spring Framework, Python 등)개발 가능자 2) DBMS(MS-SQL, Oracle, MYSQL 등 DB QUERY) 개발 가능자..."
f8691758f74c5242,Support Engineer- Developer,서울,,"developing with Chatbot, Linux, Apache, Java, Node, Python, PHP, or Ruby - Knowledge and experiences of cloud services (Azure..."
b25a378d97c7a56c,AI 서비스/시스템 개발,성남 판교역,,"Elasticsearch 사용 경험 - MSA 에 대한 이해 - Python, C, C++ 개발 경험 - Docker 및 Container... 이용한 로그 시스템 운영 - Python 개발 경력 3년 이상 또는 그에..."
5ea9ea023c6ccc03,"S/W 엔지니어, 데이터분석 신입/경력 정규직, 인턴",성남 분당구,,"케이션 제작 및 유지보수 업무- Python, Golang, QT 중 선택... 2. 시스템프로그래머- Python, Golang, QT 중 선택 가능3. 영상데이터 분석 및 모델링- python기반 영상데이터 분석 및 모델링..."
a0c7a150ee54bf18,Developer - Cloud Infrastructure,서울,,Your tasks will include developing a python based scalable job execution platform... development with Python Experience...
5842bf7f00547688,S/W개발 신입/경력 정규직,서울 성동구,,인터넷·IT·통신·모바일·게임>응용프로그래머>자바스크립트|인터넷·IT·통신·모바일·게임>응용프로그래머> Python|인터넷·IT·통신·모바일·게임>응용프로그래머>Linux|인터넷·IT·통신·모바일·게임>빅데이터·AI(인공지능...
e29bd57c416ee579,인재 Pool 등록,대한민국,,"5년 이상 (IT기획, 프로젝트 PM/PL, 개발경력 등) - 자격 : 컴퓨터 언어 활용능력 보유 (JAVA, PYTHON) : 데이터베이스(RDBMS) 활용능력 보유 - 우대사항 : IT 예산(HW,SW,인건비) 수립 경험..."
7b091681f7106dcd,Head of Technical Writing,서울,,"following languages; Objective-C, Java, Swift, JavaScript, and Python ABOUT SENDBIRD Sendbird... world's leading chat..."
dec26ddcda708e33,Small Cell RF Software Customer Engineer,서울,,"years experience with Programming Language... C, C++, Java, Python, etc. ,1+ years experience with debugging techniques..."
bd7907d1248e436d,[AI/LAB] 머신러닝 리서치 엔지니어 (전문연구요원 가능),서울,,찾습니다 논문을 빠르고 정확하게 이해하고 구현할 수 있으신 분 최신 딥러닝 기술 동향을 파악하고 계신 분 Python 사용 능력이 능숙하신 분 ※ 참고사항 : 해당 직군은 상세 경력기술서 제출이 필수입니다. 이런 분은 더욱...
045c3f7ac2bf61ab,"Lead Software Engineer, Machine Learning (English)",서울,,"machine learning. Experience coding in C++, C, or Python. Ability to speak and write in English fluently. Preferred..."
3cd339cf8959f44d,생명정보학 부문 박사졸 선임연구원 정규직 정규직,서울 서대문구,"연봉 50,000,000원 - 60,000,000원","- Python or R 활용가능 -Linux terminal 능숙 -생물학... 생명정보학, 생물정보학-외국어: 영어 회화가능,독해가능,작문가능- Python or R 활용가능- Linux terminal 능숙- 생물학 기초 수강..."
b30e5e7c3716eaf8,DevSecOps Engineer,서울,,other K8s ecosystem Experience with scripting languages... Python / Ruby / Go. Good written/verbal communication skills...
dbe3257e487e5814,[AI/Lab] AI 백엔드 엔지니어 (전문연구요원 가능),서울,,"플랫폼 및 시스템 구축 이런 분을 찾습니다 주도적으로 문제를 찾고, 해결할 수 있는 능력을 보유하신 분 Python 또는 하나 이상의 언어에 능숙하신 분 Cache와 DB를 사용한 Restful API 개발 경험이 있으신분..."
df21e3bb5d773616,Python Programmer,서울 서초구,,개발 – JAVA 프로그래밍(라이브러리 활용) – Spring 프레임 워크 개발 – Python API 프로그래밍 우대사항 – Python 개발 경험 – Open Source 라이브러리 개발경험 – Web 표준에 대한 경험...
aac8e9355cb855ac,[인재풀] 아티스트 ART,서울,,Maya or 3D Max등의 아트웍 툴 사용 경험 Max script 또는 Mel Script의 사용 경험 C# 또는 Python 언어에 대한 이해 및 활용 능력 아트웍 관련 툴 제작 또는 플러그인 제작 경험
55e2f1523d6bd078,TOAST CAM AI 개발 담당자,성남 판교역,,"학사 또는 석사 학위 또는 그에 준하는 실무 경험자 (신입 지원 가능) - 임베디드 환경 개발 경험자 - Python, C++ 개발 경험자 - 임베디드 환경 개발 경험자 - Deep Learning, Computer..."
248dc0eec10bde0c,인공지능 개발자 신입 피아스페이스(주),서울 서초구+1 지역,"월급 3,000,000원","인공지능 모델의 배포, 모니터링, 유지보수필요역량 - 인공지능(머신러닝, 딥러닝)에 대한 기본적인 이해 - Python 및 numpy, openCV 활용 능력 - 딥러닝 프레임워크 (TensorFlow 또는 PyTorch..."
e00d3977d633da67,[쿠키런: 오븐브레이크] 데이터 분석가 (경력),서울 강남구,,통신·모바일·게임>ERP·시스템분석·설계>데이터분석|인터넷·IT·통신·모바일·게임>응용프로그래머> Python|인터넷·IT·통신·모바일·게임>웹프로그래머> Python|인터넷·IT·통신·모바일·게임>데이터베이스·DBA>SQL
53fbfe54f327d9dc,AI Software Engineer,경기도 성남,,"TensorFlow 5+ years of programming experience in Python, C/C++ and MATLAB Experience working with other developers using Git..."
da9fa7139144081b,[클라우드플랫폼실] System Engineering팀 클라우드 엔지니어,서울 강남구,,라우드|인터넷·IT·통신·모바일·게임>응용프로그래머>Linux|인터넷·IT·통신·모바일·게임>응용프로그래머> Python|인터넷·IT·통신·모바일·게임>통신·모바일>플랫폼(VM)|인터넷·IT·통신·모바일·게임>ERP·시스템분석...
ad4759024e053193,[SAPEON Korea] Core 부문 개발자,성남 분당구,,인터넷·IT·통신·모바일·게임>웹프로그래머>ASP.NET|인터넷·IT·통신·모바일·게임>웹프로그래머> Python|인터넷·IT·통신·모바일·게임>웹프로그래머>프론트엔드|인터넷·IT·통신·모바일·게임>웹프로그래머>백엔드|인터넷...
c793a3ef3425f495,빅데이터 분석 기술인력 (정규직),서울 강남구,,"담당업무]데이터 분석 분야 ( Python, R, SAS 기반의 DATA... BIG DATA 프로젝트 경험자, PL/PM 경력자 우대, R 또는 Python 활용가능한 경력자전공계열: 전산학, 컴퓨터공학, 수학, 응용소프트웨어..."
b955c9f452035bd8,[KSTEC] 통계/Analytics 신입 및 경력사원,성남 분당구,,"지능화 (의사결정 자동화) 시스템 개발 (SPSS, SAS, R, Python, Java 기반)2. 기업용 데이터과학 & 인공지능 플랫폼 솔루션3... 게임>빅데이터·AI(인공지능)> Python|인터넷·IT·통신·모바일·게임..."
87309d3ff40ead61,딥러닝 AI 개발 연구원,성남 수정구,,시스템프로그래머>임베디드(Embedded)|인터넷·IT·통신·모바일·게임>응용프로그래머>C·C++|인터넷·IT·통신·모바일·게임>응용프로그래머>Linux|인터넷·IT·통신·모바일·게임>빅데이터·AI(인공지능)> Python
016de9bb83a8032d,JR0186078 AI Research Engineer Intern,서울,,"architectures, and optimization strategiesProgramming skills with Python/C++Experience working with one or more deep learning..."
4d08d3e1f1815e21,현대백화점 H.Point팀 데이터 분석/기획 경력,서울 삼성역,,"적용 모델링 - OLAP툴, R, Python, SQL 등 활용 분석 수행 및 리포팅 - 학사 이상 학위 취득자 - OLAP툴 사용 경험(3년 이상) - R, Python, SQL 등 심화 분석툴 경험(2년..."
79fb95da6dff4025,하반기 신입(채용 연계형 인턴) 수시채용,서울 마곡동,,"Python, R, 기타 코딩 능력 보유자 또는 통계 분석에 대한 기초 지식 보유자 중 1개 해당자 우대사항 · 통계 분석에 대한 기초 지식 보유자 · 기초 프로그래밍 코딩 구현 능력 보유자 ( Python or R..."
9ce0d713c64b0cab,전산분야 경력직 사원,창원 의창구,"연봉 30,000,000원 - 60,000,000원","직무내용] Python 프로그램 개발자경력직은 3년이상~ 대리, 과장, 차장, 부장급 [근무시간 및 형태] 주 5일 근무 (오전) 9시 00분~(오후) 6시 00분 주소정근로시간 : 40시간 [급여조건] - 연봉..."
ac9068957c550cb3,데이터 전문가(모델러/분석가/엔지니어) 모집,성남 판교역,,대용량 데이터를 효율적으로 사용하기 위한 기반 데이터 가공 지원자격 데이터 사이언스를 위한 언어(R/ Python/Scala) 및 도구(scikit-learn/Spark MLlib/Tensorflow/Pytorch 등)를...
8a951dcf7c36065e,Vocational Training Program Intern (Developer/Researcher Rol...,서울,,"one or more programming languages (e.g. C, C++, Python, JavaScript, Typescript, etc.) Intermediate communication skills..."
2c9ffcc9fd90342d,Looking for Developer with Python language for NFT Generator,서울•원격 근무,,"Hello! We are STEA team, a startup creating NFT marketplace and NFT launchpad! One of our features will include a NFT..."
764e1009190a3e15,[엔픽셀] 블록체인 웹 프로그래머,서울 강남구,"연봉 30,000,000원 - 100,000,000원","Javascript 등)가 있으신 분 ∙ 한 종류 이상의 능숙한 웹 스크립팅 언어 (java, node, python 등) 사용 가능하신 분 ∙ 개발 업무에 필요한 수준의 영어 독해 능력이 있으신 분 *[우대사항..."
2b26f02750094ac2,가입자망 IP장비 설정 및 자동화를 위한 경력사원,서울특별시,,"컴퓨터) 우대 - 직무경험 ① 프로그래밍 언어를 이용한 개발역량 보유(필수) : C, Java script, Python 중 택 1 ② Switch/Router 장비 기술 업무(선택) : 경험 2년이상 ③ 통신망 설계/구축..."
30e17a7d8ce9d4d4,Software Engineer,서울,,"writing optimal code... least one stack (Java, Go, Ruby, Python) Ability to work collaboratively and cross-functionally..."
4cd34228af5013fd,DGIST 2019년 제1차 계약직원 공개채용 공고,대구 현풍면,,"우수자(SPSS, R 등 통계패키지) 외국어(영어) 구사 능력 우수자 Programming(MATLAB, Python, C/C++ 등) 가능자 · 근무기간 : 2019.3.11.~2020.3.10. ※ 단, 재계약 평가에..."
ef83fe4e6441cae1,Data Scientist (IBM Client Engineering),서울,,"derive meaningful data insights (e.g., Python, R, Spark, TensorFlow, Jupyter, etc... language... Python or R Preferred..."
cd829f275871114e,[SNOW] 렌더링 엔진 개발자,서울,,"팩토링, 디자인 패턴, ReactiveX 활용 경험 - Java, Swift(Objective C), Lua, Python 등 다양한 언어 경험 - Computer Graphics 이해 - Image Processing 이해..."
78d7329422e955ea,Applications Engineer (Monitoring Applications),서울,,"system, FPGA experience is a plus Text-Based Programming, C#, Python, etc.; Experiences... infrastructure, open source OS..."
57c927fa9bf5856f,AI(딥러닝) 개발 경력,서울 성동구,,"프로그래밍을 하고 싶은 자(개발 경력 2년 이상)- 직급/직책 : 면접 후 결정- 개발환경 : linux, python, tensorflow, keras, raspberypi 등5. 우대사항- 전기/전자공학, 컴퓨터/시스템공..."
85f1ae8dff4d8878,[2022년도 상반기] [연구개발 부문] 연구원 (MCU 계측제어설계/머신비전/이미지프로세싱),경기도 광명,"연봉 42,000,000원 - 46,000,000원","프로그래밍 가능자 우대S/W 설계 부문 : - OPEN CV, TENSORFLOW, YOLO, CUDA/ Python, C++, C WindowsGUL APL, MFC Lib 활용 가능자. 머신비전/ 영상처리 개발자* 전기..."
a5e926e1d22cdc11,각 분야별 인재 Pool 등록,서울,,"자 - 데이터 분석 툴(Adobe Analytics 또는 Google Analytics) 유경험자 우대 - Python, R, SQL 역량 보유자 우대 - 데이터에 기반한 문제해결 능력 및 통계학적 지식 보유자 우대 - 담당..."
6d389529bece608b,자동차 전장 Security 분야 전문가,서울 강서구,,식에 대한 이해 - Linux 사용 경험 보유 (1년 이상) - Shell Scripting 제작 또는 Python Programming 경험 2. 우대사항 - SDL (Security Development Lifecycle...
70008a7fa046578c,빅데이터 플랫폼 데이터 엔지니어,서울 마곡역,,"험자 - S/W 관련 자격증 보유자 - AWS (Redshift, S3 등) 기반 시스템 구축 경험자 - Python, SAS 스킬 보유자 - DB영역 기술 전문성 보유자 - IT 전반에 대한 이해도와 경험 보유자 필수 지원..."
20c20d5b4ade577d,C++ Developer for High Performance Cloud Database,서울,,"C++ Experience in multi-thread programming Experience in SQL, Python, Git Experienced... development on Linux environment..."
19da3484bd7a72f1,Machine Learning R&D 연구원,서울 서초구,,"가능) ㆍ최신 딥러닝, 기계학습 이론에 대한 이해 및 구현 역량 ㆍ Python, TnsorFlow, C/C++, TensorRT 등 프로그래밍 실무... 대한 이해 및 구현 역량 ㆍ Python, TnsorFlow, C/C++..."
257361250f571300,누리기술 소프트웨어 개발자,대구 수성구,"월급 2,000,000원","직무내용] C, python 을 이용한 소프트웨어 및 펌웨어 개발 [근무시간 및 형태] 주 5일 근무 (오전) 9시 00분~(오후) 6시 00분 주소정근로시간 : 40시간 [급여조건] - 월급 2000000원 이상 - 상여금..."
8cc372a6b78679b1,"인공지능(AI), Python(응용프로그램 개발자) 외 신입/경력 정규직",서울 성북구,"연봉 25,000,000원 - 30,000,000원","(주)쿠노소프트 인공지능(AI), Python 외 신입/경력 정규직 채용... 래머>인공지능(AI)|인터넷·IT·통신·모바일·게임>응용프로그래머> Python|인터넷·IT·통신·모바일·게임>응용프로그래머>Visual C++(MFC..."
51df90967b46e8f0,[외국계 스타트업 미소] Business Analyst,서울,,통신·모바일·게임>빅데이터·AI(인공지능)>데이터분석|인터넷·IT·통신·모바일·게임>빅데이터·AI(인공지능)> Python|인터넷·IT·통신·모바일·게임>데이터베이스·DBA>MySQL|인터넷·IT·통신·모바일·게임>데이터베이스...
b2995f32db4d005c,[판교] 화장품(대기업) 백엔드개발,성남 분당구,"연봉 50,000,000원 - 60,000,000원","개발하고 운영한 경험이 있는 분 - Javascript, Java, Python중 하나 이상의 경험이 있는 분 ■ 우대사항 - 동종업계 근무 경력자... Javascript, Java, Python중 하나 이상의 경험이 있는 분..."
ebd9b7e972f551fc,서버 개발자 Python(Django) Developer (신입/경력),서울 마포구,,유관직무 경력자 서버 개발자 Python(Django) Developer... 있습니다.■ 자격 요건 인터넷·IT·통신·모바일·게임>웹프로그래머> Python|인터넷·IT·통신·모바일·게임>웹프로그래머>웹개발|인터넷·IT·통신...
e557832a1976f187,NAVER Cloud 사내 플랫폼 운영,성남 삼평동,,"Network관련 기초 지식을 보유하고 계신 분 - script ( Python, Html, javascript, Linux shell 중 1개이상... WEB/WAS, DB운영 경험 - Python, JAVA 중 하나의 프로..."
ab58a5f77dd9c9c8,[NAVER Cloud] 빅데이터 분석 플랫폼 개발,성남 분당구,,빅데이터|인터넷·IT·통신·모바일·게임>빅데이터·AI(인공지능)> Python|인터넷·IT·통신·모바일·게임>ERP·시스템분석·설계>빅데이터|인터넷... 로그래머>JAVA|인터넷·IT·통신·모바일·게임>응용프로그래머> Python
8a6e9cac2fec97be,스크린플랫폼개발팀 웹개발자,성남 분당구,,인터넷·IT·통신·모바일·게임>통신·모바일>플랫폼(VM)|인터넷·IT·통신·모바일·게임>응용프로그래머> Python|인터넷·IT·통신·모바일·게임>웹프로그래머>웹개발
4240704581f26166,여행사업본부 1월 정기 수시채용,서울 을지로2가,,"ERP 시스템 운영 및 고도화 작업 •홈페이지 리뉴얼 개발 지원 [필요역량] •개발언어: java (필수), python (우대) •개발프레임워크: Spring Framework (필수), Django (우대) •DBMS..."
0402ad775c273363,SK아카데미 HRD(교육 / Assessment / Analytics) 전문가,서울 중구,,HRD)>인재개발·교육|인터넷·IT·통신·모바일·게임>빅데이터·AI(인공지능)>빅데이터|인터넷·IT·통신·모바일·게임>빅데이터·AI(인공지능)>데이터분석|인터넷·IT·통신·모바일·게임>빅데이터·AI(인공지능)> Python
b574f1454ae36aab,Cross Border Ecommerce - Business Intelligence (Based in Seo...,서울,,business analyst related roles Proficient in SQL and Python Strong analytical skill and sensitivity to data Strong oral...
35f0a25dee5f3312,딥러닝 알고리즘 및 응용 Engineer,성남 분당구,"연봉 40,000,000원 - 100,000,000원",모바일·게임>빅데이터·AI(인공지능)>인공지능(AI)|인터넷·IT·통신·모바일·게임>빅데이터·AI(인공지능)> Python|인터넷·IT·통신·모바일·게임>빅데이터·AI(인공지능)>머신러닝|인터넷·IT·통신·모바일·게임>빅데이터...
f384026e8fdd4b35,솔루션(웹/서버/통신) 프로그램 개발,서울 중구,,인터넷·IT·통신·모바일·게임>웹프로그래머>백엔드|인터넷·IT·통신·모바일·게임>웹프로그래머>프론트엔드|인터넷·IT·통신·모바일·게임>웹프로그래머> Python|인터넷·IT·통신·모바일·게임>빅데이터·AI(인공지능)>음성인식
8f62684fb1d35c1d,디리아 Data Engineer 부문,서울 서초구,,게임>빅데이터·AI(인공지능)> Python|인터넷·IT·통신·모바일·게임... 모바일·게임>응용프로그래머> Python|인터넷·IT·통신·모바일·게임>웹프로그래머>JAVA|인터넷·IT·통신·모바일·게임>웹프로그래머> Python
cb340349fea7454e,"Digital Innovation PM, Korea",서울,,"CRM systems, e.g Salesforce · Understanding of SQL, Python or other · Strong business and financial acumen and negotiations..."
c79d93526636e256,"Senior Data Scientist (Machine Learning, 반도체산업)",서울,,"Project management experience Programming skills, e.g. Python, R, Java, C++ Comfortable reporting results to both technical..."
e34c06d01e1f387e,[NAVER Cloud] 리눅스 배포판 개발,성남 분당구,,"[역할]리눅스 OS 배포판 제작 업무- 리눅스 배포판 관련 소스 분석- C , Python 등을 이용하여 소스 분석 및 수정- 빌드 시스템 및 버그질라 시스템... 통신·모바일·게임>응용프로그래머> Python|인터넷·IT·통신·모바일·게임..."
710f3cc6c5555d2d,소프트웨어개발자 (신입가능),경상북도 구미,,"직무내용] 직무내용 : C / C++ / Python 기반 응용 프로그램 개발 우대사항 : 컴퓨터 관련 전공자 *신입도 가능하니, 많은 지원바랍니다. [근무시간 및 형태] 주 5일 근무 (오전) 9시 00분~(오후) 6시..."
663d99dc22cecc8d,"[대기업] 딥러닝 (AI, 영상인식) 전문가 (석박사급)",서울,,공지능)>딥러닝|인터넷·IT·통신·모바일·게임>빅데이터·AI(인공지능)> Python|인터넷·IT·통신·모바일·게임>빅데이터·AI(인공지능)>데이터분석... 통신·모바일·게임>응용프로그래머> Python|인터넷·IT·통신·모바일·게임...
b3a6c83c9debcb92,네이버 파이낸셜 플랫폼 운영,성남 삼평동,,"Docker(kubernetes) 및 어플리케이션 배포 전략 지식 보유 - Shell script, python 및 web framework 등 기타 프로그래밍 언어 활용 가능 - 국가보훈대상자 및 장애인은 법령에 의거..."
3e9ed1202cddeb4d,DevSecOps,성남 분당구,,통신·모바일·게임>응용프로그래머>클라우드|인터넷·IT·통신·모바일·게임>응용프로그래머> Python|인터넷·IT·통신·모바일·게임>네트워크·서버·보안>정보보안|인터넷·IT·통신·모바일·게임>빅데이터·AI(인공지능)> Python
e5cf3dda5a485def,[NAVER Z] 3D 리거,성남 분당구,,"있는 분이 필요합니다.- 협업을 우선시하고, 열린 자세로 업무에 임할수 있는 분이 필요합니다.우대사항- Python 등 스크립트 작업이 가능하신 분을 선호합니다.- Unity 경험이 있으신 분을 선호합니다.- 항상 능동적인..."
20abdd225641e77a,"Software QA Infotainment Test Engineer, Bundang, Gyeonggi, K...",경기도 성남,,"one or more scripting languages... Perl, Ruby, Python, or Bash Passionate about troubleshooting failures to determine..."
dfa8a9a7dd5bd7d6,음성인식 서비스 개발자,서울 성동구,"연봉 30,000,000원 - 40,000,000원","Go 등의 백엔드 서비스 개발# 자격요건(필수사항)- 해당 분야 개발 경험 또는 그에 준하는 역량 보유자- Python 개발 역량 보유자- AI 관련 기술(머신러닝 및 딥러닝) 학습 이수자- Git(gitlab, github..."
eba169ad2f8bfa95,Sr. Application Engineer - EBS,경기도 성남,,"programming language like Visual Basic, VBScript, or Python is also highly desirable Programming Skills like C language..."
78526735d90a85b9,"Machine Learning - iOS Software Engineer,",서울,,"computer vision Python libraries... programming skills with proficiency in Python, Flask, iOS Dev tools, and GitHub..."
55a19c92c845685e,Developer / Designer recruit,서울 논현동,,"language (i.e Python, Ruby, Java, .Net... High proficiency in Python... knowledge... least one Python web framework..."
78e99625e5de3c95,전문연구요원 (병역특례) 수시 (AI / HW 분야),성남 분당구,"연봉 40,000,000원 - 100,000,000원","모델의 RTL IP 설계 및 IP 검증 가능자 - Language: Python/Perl, C/C++ [우대 조건] - ARM based SoC 설계... Linux, shell, tcl, python, perl 사용 원활..."
c74de92014f38ce0,KDI 직원,세종특별자치시 세종,,"관기관 및 국제기구 포함) 우대, 영어 및 제2외국어 능통자 우대, 통계프로그램(STATA) 및 프로그래밍( Python) 활용 능력 겸비자 우대(2명 이내) * 정규직, 무기계약직의 계약은 최초 3개월 수습기간 계약 후 평가..."
8c32b5db8ab28c7d,"[광고 추천] 데이터 과학자, 기계학습(머신러닝) 전문가 모집",성남 판교역,,"학습(머신러닝), 딥러닝에 관한 지식과 경험이 풍부한 분 하나 이상의 프로그래밍 언어에 능통한 분 (예, Python, R, Java, Scala, C/C++, Golang 등) 단, 주니어는 기계학습 기초 지식과 개발 역량..."
be6c1f03fa566f8e,추천 시스템 연구/개발,성남 판교역,,"석사 또는 박사 학위 소지자 - 적어도 하나 이상의 능숙한 프로그래밍 언어가 있으신 분 우대사항 - Python, C++, GPU 프로그래밍 숙련자 - TensorFlow, PyTorch, implicit 등 머신러닝..."
0acb8218ce5e5d6d,웹개발 경력직(신입),전라남도 순천,"월급 2,000,000원",git ? github [우대사항] ? 정보처리기사 업무내용 : 백 엔드 개발자 (0명) [필요기술] ? Python(필수) ? Django ? RDBMS [개발자 공통] ? git ? github [우대사항] ? 정보처리기...
5ab0b45dfa93411b,Data Engineer 신입사원,서울 강남구,,"분류, 개인정보 비식별화, 불량 코퍼스 필터링 등 다양한 ML 프로젝트 (예정)[자격요건]- Julia / Python / R 중에서 자신 있는 프로그래밍 언어가 있는 분- 하나의 데이터도 놓치지 않고 꼼꼼하게 관리할 수..."
9ad80a2efdc9c3dd,웹개발자 국내 메이저 식품대기업,서울 강남구,,"필요역량 및 지원자격 1) 필수 역량 - 웹 서비스 개발 경험 (PHP) - 프로그램 언어 활용 능력 ( Python, SQL 등) - 리눅스 서버에서 웹 서비스 개발 경험자 - JS, CSS 기초 지식 보유 2) 우대..."
e46f9a5073d8cfea,2022년도 개발자 (신입/경력),서울 금천구,,"개발-자사 웹사이트 백엔드 개발(자격요건)-경력 2년 이상의 Django, React framework, Python 사용 가능자[근무부서 및 직급/직책]근무부서: 개발팀직급/직책: 연구원, 주임연구원, 선임연구원, 책임연구..."
613e8260c0a33e9d,[NAVER Cloud] 빅데이터 분석 플랫폼 엔지니어,성남 분당구,,게임>응용프로그래머>JAVA|인터넷·IT·통신·모바일·게임>응용프로그래머> Python|인터넷·IT·통신·모바일·게임>빅데이터·AI(인공지능)> Python|인터넷·IT·통신·모바일·게임>빅데이터·AI(인공지능)>빅데이터|인터넷...
e91b5984e7f5d3fd,"데이터베이스개발자, 웹개발 신입/경력 정규직",서울 영등포구,"연봉 36,000,000원 - 60,000,000원","개발자 ㆍCss/html 등 웹디자인 관련 유경험자 ㆍ자바스크립트, Python, C++, 닷넷 등 ㆍNode, Selenium, electron... 관련 유경험자ㆍ자바스크립트, Python, C++, 닷넷 등 ㆍNode..."
141f3f6ab42201f0,Technology Lead (Messenger platform),서울,,SpringBoots/Kotlin. Also Python and Go... 크를 포함하는 많은 최신 기술 및 언어에 대한 탁월한 배경 지식. Python과 Go는에어아시아 에코시스템 전반에 걸쳐 사용되는 기술입니다. One...
45ef50c3481fd92f,[신용리스크모델링 Intern] 개인 신용평가모형 개발 및 운영직(채용 연계형),성남 삼평동,,"Learning을 비롯한 최신 통계모형을 활용하여 신용평가모형을 개발하고 운영합니다. SAS, SQL, Python, R 등을 활용한 데이터 분석 능력이 필요하며, 데이터 분석 대회에서 입상한 분, 통계/수학/산업공학/상경계..."
692f118ecbdf4a69,Staff Data Scientist (Eats),서울,,"기술을 적용해본 업무 경험. 해당 분야의 5년 이상 전문 경력 선호. Python/R 등의 프로그래밍을 통해 데이터 조작, 알고리즘 및 모델 개발... experience using Python/R to manipulate..."
3155ddd27768c81e,상반기 경력직원 채용[CB솔루션],서울 영등포구,,"ㆍ지원 부문 업무 관련 1년이상 경험자 ㆍ데이터 분석 역량 보유 (데이터 분류 경험, R, SAS, Python 등 다뤄본 경험) 우대요건 [개인신용평가 모형개발/데이터 분석 컨설팅/컨설팅] ㆍ석사학위 보유자 /리스크관리..."
dd6b989057777812,"빅데이터, 인공지능(AI) 외 경력 정규직",서울 서초구,,모바일·게임>빅데이터·AI(인공지능)>인공지능(AI)|인터넷·IT·통신·모바일·게임>빅데이터·AI(인공지능)> Python|인터넷·IT·통신·모바일·게임>빅데이터·AI(인공지능)>머신러닝|인터넷·IT·통신·모바일·게임>빅데이터...
733b814969bff5a7,Jr. Back-end Engineer (Python),서울 강남구,,"이런 분을 찾아요 2년 이상의 Python을 활용한 백엔드 개발 업무를 수행한 경험이 있으신 분 Django, Django Rest Framework, Flask 등의 Python web framework를 사용하여..."
ab1635b594ece41e,[스타랩스] WEB 개발자 정규직,서울 강남구,,수 있습니다. 인터넷·IT·통신·모바일·게임>웹프로그래머>웹개발|인터넷·IT·통신·모바일·게임>웹프로그래머>JAVA|인터넷·IT·통신·모바일·게임>웹프로그래머> Python|인터넷·IT·통신·모바일·게임>웹프로그래머>백엔드
ba6a0ebb6ad9cd18,IT 인프라 운영 도구 개발,성남 판교역,,"모니터링 시스템 Web 개발 - 경력 4년 이상 - Linux 환경(LAMP) 경력 3년 이상 - Python, Django, Javascript, PHP 경험 - 다양한 Front-end 프레임 워크 사용 경험..."
bf353e320cf24f99,소프트웨어 엔지니어,서울 서초구,,필요한 기능과 서비스를 구현해요. 이런 분을 찾고 있어요 Go / Python / Java 등 최소한 하나 이상의 언어에 능숙하신 분대규모 트래픽... 통신·모바일·게임>웹프로그래머> Python|인터넷·IT·통신·모바일·게임...
69c995de048c51fd,Senior Technical Support Engineer - OpenStack,서울,,"multiple languages Experience writing scripts using Bash, Python, or Perl to troubleshoot and correct Linux networking issues..."
b0e39e829a425353,카카오 광고 최적화 연구 및 개발,성남 판교역,,"활용한 어플리케이션 개발 지원자격 하나 이상의 프로그래밍 언어에 익숙한 분 (C/C++, Java, Python, Go, Scala 등) [알고리즘 개발 업무 관련 지원 경우] 데이터 마이닝 또는 머신러닝 지식/경험이..."
5c040f5fc90b4790,[대기업] 클라우드/IoT 플랫폼 개발,서울,,통신·모바일·게임>웹프로그래머> Python|인터넷·IT·통신·모바일·게임... 응용프로그래머>Linux|인터넷·IT·통신·모바일·게임>응용프로그래머> Python|인터넷·IT·통신·모바일·게임>시스템프로그래머>사물인터넷(IoT...
d9746dd92adbf277,Software Engineer in Test,서울,,"knowledge of Python or Java Understanding... professional experience developing in Python or JS, other mobile platforms are plus..."
ec28b4a12fadf567,BigData 개발 및 운영 담당 영입,성남 분당구,,빅데이터·AI(인공지능)>빅데이터|인터넷·IT·통신·모바일·게임>빅데이터·AI(인공지능)> Python|인터넷·IT·통신·모바일·게임>ERP·시스템분석·설계>빅데이터|인터넷·IT·통신·모바일·게임>응용프로그래머> Python
cf0bdeeebd1f045f,지식 콘텐츠 전문 기업 (매출 120억) 웹개발자 경력,서울,"연봉 60,000,000원 - 70,000,000원","서버 환경 유경험자• PHP, Python 개발 경험[연봉]6,000~7... 대학교(4년)졸업 이상직무기술: RDBMS, jQuery, CSS, Python, 시스템운영(Was/Web), Kafka 1 명 근무조건 고용형태..."
df54ac5ca8d020d6,퀀트운용본부 운용역(경력직) (연장),대한민국,,"펀드 유형 무관) - 금융관련 자격증(CFA 등) 보유자 우대 - 영어능통자 우대 - Excel VBA, Python 등 프로그래밍 가능자 우대 4. 근무조건 : 연봉 등 근무조건은 협의 후 결정 5. 채용절차 - 1차..."
ff27ef03ddc73690,Software Engineer,서울,,experience of deep learning frameworks Programming with Python or Shell script Experience in large-scale software projects...
40de6a4b81f8724f,[전문연구요원 신규편입/전직] 의료영상/음성인식/생체신호 연구원,서울 서초구,,인공지능)>텍스트마이닝|인터넷·IT·통신·모바일·게임>빅데이터·AI(인공지능)>인공지능(AI)|인터넷·IT·통신·모바일·게임>빅데이터·AI(인공지능)> Python|인터넷·IT·통신·모바일·게임>빅데이터·AI(인공지능)>딥러닝
be44e36acba57f57,[마포] 신약개발 빅데이터 인공지능 모델 개발 및 분석,서울 마포구,"연봉 50,000,000원 - 60,000,000원","지원 가능) • linux, python, R 사용가능자 • 딥러닝 라이브... 자모델링, 화학정보, 딥러닝, 라이브러리[지원자격]• linux, python, R 사용가능자• 딥러닝 라이브러리(tensorflow, pytorch..."
180dac6dbe6afaed,NHN Cloud 머신러닝 연구 및 개발,성남 판교역,,"C++, Java, Python [머신러닝 서비스 개발] Job... TensorFlow, PyTorch - C++, Java, Python 공통지원자격 - 병역필 혹은 면제로 해외여행에 결격 사유가 없는 자..."
0064deb5fa9cbce0,데이터 사이언티스트 모집,성남 판교역,,"실험을 통해 알고리즘을 개선합니다. 지원자격 지원자격 - 하나 이상의 프로그래밍 언어에 익숙한 분( Python, Java, C/C++, Scala 등) - 머신러닝/딥러닝 오픈소스를 이용하여 1년 이상 특정 서비스에..."
e30fe92d72ceb17c,"자율 주행, 로봇 SW 개발자",성남 수정구,,"(주)에바 모집부문 및 자격요건 모집부문 담당업무 자격요건 인원 자율주행 SW 엔지니어 Python응용SW [담당업무]ROS 개발, 로봇 주행 알고리즘 개발, SW Optimization[근무부서 및 직급/직책]근무부서: 개발팀..."
3c2bf0ec25a85c9f,"Senior Analyst - Data Science, Marketing & Sales",서울,,mathematics) 4+ years of experience working with SQL and Python or R programming Ability to manage and query large databases...
cae2de07045cfb2b,"Java, Python 영상툴 개발자",서울 마곡동,,원하면 가능) 담당업무 - 영상 라벨링 Tool 개발 - Tool 정확성 개선 자격요건 - Java - Python 우대사항 - 관련 개발 경력 - 툴개발 경력 근무조건 - 월~금 AM9:30 ~ PM18:30 복지...
fb8f5764cdbe3c39,"Customer Solutions Engineer, Global Client and Agency Soluti...",서울,,"general purpose programming language (e.g., Java, C/C++, Python). Ability to speak and write in English and Korean fluently..."
69bd6daa77f28616,[SAPEON Korea] 개발자,성남 분당구,,인터넷·IT·통신·모바일·게임>웹프로그래머>ASP.NET|인터넷·IT·통신·모바일·게임>웹프로그래머> Python|인터넷·IT·통신·모바일·게임>웹프로그래머>프론트엔드|인터넷·IT·통신·모바일·게임>웹프로그래머>백엔드|인터넷...
ad9c760fdec88af5,품질 신입 채용,서울 한강로2가,,전면허 및 운전가능자 우대요건 - 산업공학과(통계 활용 능력) - 품질경영기사 자격증 보유자 - 파이썬( Python) 활용 가능자 - 엑셀 및 PPT 활용 능력 우수자 장항 전형절차 STEP.01 서류심사 - STEP...
7dbaa95d22eacd29,"웹개발, 백엔드 외 경력 정규직",울산 남구,"연봉 40,000,000원 - 50,000,000원","경력(4년 이상 ) 학력사항: 대학교(4년)졸업 이상 직무기술: 웹프로그래밍, 응용프로그램개발, JAVA, PYTHON 기타: ㆍ다양한 업무를 신속하게 이해하고 도식화 할 수 있는 분 ㆍ고객의 소리를 듣는 귀가 지혜 있는..."
35869b81b2eb4594,﻿[Synopsys Korea] Training & Hiring Program,서울 노원구,,"수 있는 의사소통능력 우대사항 EDA Tool 개발 및 사용 경험이 있으신 분 스크립트 언어(bash, Python, TCL, Perl)를 다뤄본 경험이 있으신 분 AI & ML 분야에 관련한 깊은 경험 및 심화 지식이..."
14d5f070330861c8,[제약] 신약 분자설계 연구(선임/책임),성남 분당구,,구원 (총 1명). 학력/ 분야 : 석사 및 박사 / 분자모델링 [우대사항]`모델링 소프트웨어 활용능력 - Python 등 programming 경험자 우대 - 병역특례 가능 의료·간호·보건·복지>약무·제약>제약연구개발|전자...
116009dbf59211ed,퍼즐데이터 역량있는 데이터 분석가,서울 역삼동,,"데이터 마이닝 및 통계분석에 대한 전반적인 이해 3. 관련분야(산업공학, 통계 등) 전공 4. R or Python 사용 능력 * 이런 분은 더욱 좋아요. 1. 프로세스 마이닝 지식 보유자 2. 관련분야 대학원 전공 3..."
4ea78a5fc824bb1e,WebRTC UC & Collaboration Frontend & Backend Developer,서울,,"Node.js, React.js, React-native, Python Preferred domain experience: Public Cloud... js, React-native, Python 선호 기술 분야: 퍼블릭 클라..."
188606f62a55c44a,Data Scientist (Clinical Plan Analyst),서울,,Comprehensive testing of your own code. Qualifications • R/ Python/Pyspark 등의 programming language를 사용한 data 분석 경험 1년 이상의 경력...
9720582e65044101,이공계 우수인력 희망기업,서울,,과정명 연수지역 연수기관 연락처 경기도경제과학진흥원 JAVA와 파이썬( Python)기반 빅데이터 분석 양성 서울 031-259-6067 동양미래대학교... 게임>빅데이터·AI(인공지능)> Python|인터넷·IT·통신·모바일·게임...
07375dc4e800dfa9,추천 시스템 소프트웨어 엔지니어,성남 판교역,,"관련 업무 경험자 우대사항 - 운영체제, 네트워크, 컴파일러, 데이터베이스에 대한 이해가 깊으신 분 - Python, C++, GPU 프로그래밍 숙련자 - 대용량/실시간 서비스 개발/운영 경험이 많으신 분 - ICPC..."
0531cea7fd91199b,AWS Internship Program - Solutions Architect (January to Jun...,서울,,"one... following programming languages: Java, Python, Ruby, Node.js, C#, or C++ · Experience with two or more..."
38a26ad31307be21,[위메프] 신규서비스 ML엔지니어,대한민국,,"선택을 고민하는 누군가에게 도움이 되고 싶다면 우리의 동료가 되어주세요!! [우리가 사용하는 기술] Python, ML도구(Pytorch, Tensorflow, Scikit-learn 등) Elasticsearch..."
bfe0f5ac4f32ec89,추천 통계분석/데이터사이언티스트,성남 판교역,,수학 관련 분야의 석사 또는 박사 학위 소지자 - 숙련된 데이터분석 능력 - 데이터 사이언스를 위한 언어( Python/R) 를 하나 이상 능숙하게 다룰 수 있으신 분 - 분석 결과를 설득력있게 전달할 수 있는 분 우대사항...
19a93f90df1e569d,(주)풀무원 AI 모델러 모집,서울특별시,,"및 지원자격 [필수 역량] - Vision 또는 NLP 업무 경험 필수 - 프로그램 언어 활용 능력 ( Python, SQL 등) - 딥러닝 / 머신러닝 프레임워크 능숙자 (Tensorflow/Keras, Pytorch..."
031eec3794f09645,데이터 서비스/플랫폼 개발,성남 판교역,,"데이터 수집, 처리 및 지표 분석 경험 - 데이터 기반의 문제해결 역량 및 논리적 사고 - Java, Python, Scala 중 최소 1가지 언어를 이용한 데이터 분석 및 소프트웨어 개발 역량 - 통계분석, ML/AI..."
00de2b26815d022e,[웹젠] DBA(신입),성남 분당구,,로운 기술과 도전을 좋아하는 분 - Data에 대한 관심이 높은 분 - Python 프로그램 경험이 있는 분 • 기타 - 수시채용은 공고 게시 중에도... 에 대한 관심이 높은 분 - Python 프로그램 경험이 있는 분 • 기타...
8669483b11225a91,Renewables Consultant - Civil / Structure Engineering,서울,,"customers; Familiarity with programming languages... Python or Matlab, etc; Proficiency in MS Office programs (primarily..."
686c8cf8b082fbc1,연구개발부 생명정보부문 석사졸연구원 신입/경력 정규직,서울 서대문구,"연봉 40,000,000원 - 50,000,000원",통신·모바일·게임>빅데이터·AI(인공지능)>데이터분석|인터넷·IT·통신·모바일·게임>빅데이터·AI(인공지능)> Python|인터넷·IT·통신·모바일·게임>빅데이터·AI(인공지능)>R|인터넷·IT·통신·모바일·게임>빅데이터·AI...
7df915e1f0f86b2d,Software Architecture 설계 엔지니어,성남 분당구,"연봉 40,000,000원 - 100,000,000원",경험 - Windows/Linux 상에서 C++/ Python 언어 사용 개발 경험 - C++ / Python 언어 사용 개발 경험 - 객체지향 설계에... 게임>빅데이터·AI(인공지능)> Python|인터넷·IT·통신·모바일·게임...
115c46e0d1df11d8,[개발자] 모비데이즈 프론트엔드 개발자 경력직 채용,서울특별시,,"험이 있으신 분 -활용 가능한 서버사이드 언어가 1개 이상 있는 분(Ruby, Java, Node.js, Python 등) -웹/모바일 광고 업계의 유사 업종 근무 경력 보유자 -플랫폼 또는 B2B 서비스 개발 프로젝트 참여..."
4d3bbf0f5e96b9a5,Research Engineer,서울 강남구,,Inequality - Let’s Riiid. 인터넷·IT·통신·모바일·게임>ERP·시스템분석·설계>딥러닝|인터넷·IT·통신·모바일·게임>웹프로그래머>프론트엔드|인터넷·IT·통신·모바일·게임>웹프로그래머> Python
8af26b37623864c4,8퍼센트 개발자 (신입/경력),서울 종로구,,개발 금융 데이터 분석과 분석 플랫폼 운영 자격요건 컴퓨터 전공자 또는 웹 개발 경력 1년 이상 우대사항 Python 코드를 무리 없이 읽으실 수 있는 분 Linux/Mac 사용 가능한 분 새로운 기술에 대한 호기심을 가지신...
113f497911c489c6,데이터 엔지니어,서울 강남구,,"개발 & 관리 • 데이터 분석 업무 자격요건 • 경력 5년 이상 • Java, Kotlin, Scala, Python 사용 경험 • SQL 사용 경험 우대사항 • Spark 사용 경험 • Hadoop 사용 경험 • 데이터..."
754be9e3d78fa802,2021년 상반기 R&D 개발자 (병역특례 가능/경력 무관),인천 연수구,,"담당업무: - 블루투스 메시 기반 위치 추적 솔루션 개발 - 상기 솔루션의 임베디드 펌웨어 개발 - C(필수), Python, Javascript 프로그래밍 언어 사용 - 기술 지원 [자격요건] 경력사항: 무관 (신입도 지원..."
dc74730c92ce5050,Data Scientist,서울 영등포구,,"기반 예측, 모델링 프로젝트 경험자 데이터 분석/모델링을 위한 언어 및 프레임워크 사용에 익숙하신 분 ( Python, R, SQL, Pandas, TensorFlow, Pytorch, Spark 등) 회사 내부 구성원들과..."
9ab2041ab3380a21,카카오톡 안티어뷰징을 위한 데이터/백엔드 엔지니어 및 머신러닝 전문가 모집,성남 판교역,,"Engineer, Data Scientist - 해당 분야에서 활용되는 언어 및 도구를 능숙하게 다룰 수 있는 분( Python, Scala, PyMC, PySpark, Tensorflow 등) 우대 사항 - 컨테이너 환경에..."
a692f83229bd339f,Datacenter Engineer,서울,,"Base Operating System Install • Some experience with Perl, Python, Bash or Java • Core OS Services: ssh, telnet, ftp, nfs..."
bbbfbb33164df0e3,"Junior Software Engineer, Server Platform",서울,,"프라 위에 안정적이고 효율적인 서비스 설계 및 구축 핵심 자격요건 Python, Java, Kotlin, Go, C++ 등 서버 사이드 프로그래밍... Understanding of Python, Java, and Event..."
d83fc0dd2641f483,전문연구요원 (병역특례) 수시 (AI / SW 분야),성남 분당구,"연봉 40,000,000원 - 100,000,000원",요구 능력] - ASM/C/C++/ Python 언어 코딩 기술 - 운영체제... 경험 - Windows/Linux 상에서 C++/ Python 언어 사용 개발 경험 - C++ / Python 언어 사용 개발 경험 - 객체지향 설계에...
cfdb66a24e99b6e3,Renewables Consultant - Electrical Engineering,서울,,"programming languages... PSS®E, PSCAD, PowerFactory Python, Matlab, etc; Experience with using MS Office suite packages..."
269f9a96319ef19a,머신러닝 엔지니어 모집,성남 판교역,,"및 지속 개선 * 대규모 로그 데이터 통계 분석을 통한 피쳐 추출 #### 지원자격 #필수사항 * Python, Java, C++ 등 언어 중 하나 이상 활용 가능하신 분 * TensorFlow/Keras, PyTorch..."
a2b38b230474e622,카카오 전사 QA 모집,성남 판교역,,"도구 (JIRA, Github 등)에 대한 경험이 있으신 분 - 테스트자동화 설계경험자 혹은 스크립트 언어( python, java, javascript 등) 가능자 - 긍정적인 마인드와 유연한 커뮤니케이션 능력 보유 - 능동..."
e8c110fe49ba6240,Senior AI Research Engineer,서울,,"Caffe, and MxNet Strong programming skills with C/C++ and Python Experiences in programming and testing on Linux environment..."
c43c3ac7a9c3ae3b,마이다스에셋자산운용 채권운용본부,대한민국,,"사항 - 영어 등 외국어에 능통한 자 - 경제/통계/수학 등에 관한 학업을 수행한 자 - 프로그래밍 가능자 ( Python, R, VBA 등) - 국가보훈대상자 우대 모집인원 : 0명 2. 제출서류 입사지원서, 자기소개서..."
3544467a7b64376f,[전문연구요원] 의료영상 리서치 엔지니어 정규직,서울 마포구,,"학력무관직무기술: VISUALC++, 응용프로그래밍, C·C++, Python, AI개발 2 명 근무조건 고용형태: 정규직(수습기간3개월)근무부서... 머신러닝(ML)|인터넷·IT·통신·모바일·게임>응용프로그래머> Python"
e96099b3e473d165,아이나비 ADAS 영상처리 알고리즘 개발자 신입 및 경력 모집,성남 삼평동,,신입무관 - 영상처리 알고리즘 개발 유경험자 - 딥러닝에 기반한 영상 분석 및 인식에 대한 이해 - Python/C++에 대한 능숙한 개발 경험 우대사항 - 관련분야 석·박사급 전공자 - Vehicle / Lane...
ac64fda2e281b835,"Software Engineer, People with Disabilities (장애인 채용)",서울,,"languages, including... limited to: C++, Java, C and Python. Experience in a variety of projects utilizing natural..."
e557832a1976f187,NAVER Cloud 사내 플랫폼 운영,성남 삼평동,,"Network관련 기초 지식을 보유하고 계신 분 - script ( Python, Html, javascript, Linux shell 중 1개이상... WEB/WAS, DB운영 경험 - Python, JAVA 중 하나의 프로..."
b81ddcc3978545fa,Application Engineer Korea,경기도 화성,,"You are committing to support the team in challenging situations. Python, Office solutions and Linux experience is beneficial..."
fecc1f2f8e371810,VP R&D,서울 서초구,,"이상 경력 · C++, Python, PySide/PyQt 및 Mata API/Mel · 최소 3년 이상 UE4로 VR, AR, XR에 대해 TA 또는 TD 경험이 있으신 분 우대사항 · C++ 또는 Python 중급 이상..."
3e9ed1202cddeb4d,DevSecOps,성남 분당구,,통신·모바일·게임>응용프로그래머>클라우드|인터넷·IT·통신·모바일·게임>응용프로그래머> Python|인터넷·IT·통신·모바일·게임>네트워크·서버·보안>정보보안|인터넷·IT·통신·모바일·게임>빅데이터·AI(인공지능)> Python
686c8cf8b082fbc1,연구개발부 생명정보부문 석사졸연구원 신입/경력 정규직,서울 서대문구,"연봉 40,000,000원 - 50,000,000원",통신·모바일·게임>빅데이터·AI(인공지능)>데이터분석|인터넷·IT·통신·모바일·게임>빅데이터·AI(인공지능)> Python|인터넷·IT·통신·모바일·게임>빅데이터·AI(인공지능)>R|인터넷·IT·통신·모바일·게임>빅데이터·AI...
30e17a7d8ce9d4d4,Software Engineer,서울,,"writing optimal code... least one stack (Java, Go, Ruby, Python) Ability to work collaboratively and cross-functionally..."
78526735d90a85b9,"Machine Learning - iOS Software Engineer,",서울,,"computer vision Python libraries... programming skills with proficiency in Python, Flask, iOS Dev tools, and GitHub..."
df228c302c3c8f9b,서버개발자(벡앤드) 정규직,서울 강남구,"연봉 40,000,000원 - 50,000,000원",시스템 개발 [자격요건]• 경력사항: 경력(3년 이상 7년 이하)• 학력사항: 학력무관• 중상급 이상의 Python 또는 JavaScript 언어 활용 가능자• Django 또는 Node.js rest framework에...
19aef514479bcb87,Big Data Engineer,인천,,"좋습니다.필요역량 및 경험- Python, Scala, Java 등 1개... 응용프로그래머>JAVA|인터넷·IT·통신·모바일·게임>응용프로그래머> Python|인터넷·IT·통신·모바일·게임>네트워크·서버·보안>사물인터넷(IoT..."
55dc8813cdc0ee34,Consultant_App Innovation,서울,,"PowerShell, Python or other scripting... languages (e.g., C#, JavaScript, PHP, Python) Application Lifecycle Management (e.g..."
6141229c69b83068,Web Front-end 개발자,서울 서초구,,"Java Script, MariaDB 개발 플랫폼 : Visual Studio Code 우대 사항 : Python, Golang, RESTful API, Node.js, CSS, Docker, AWS, Azure, GCP..."
e48264065743d763,[(주)포이] app/web 개발자,대전 유성구,"월급 1,960,000원","JavaScriptㆍiOS( Swift ) / Android ( Kotlin )ㆍJava / python / C / C++ / C# 우대사항ㆍ프론트엔트 ( Vue.js, React.js, Jquery, bootstrap..."
38a26ad31307be21,[위메프] 신규서비스 ML엔지니어,대한민국,,"선택을 고민하는 누군가에게 도움이 되고 싶다면 우리의 동료가 되어주세요!! [우리가 사용하는 기술] Python, ML도구(Pytorch, Tensorflow, Scikit-learn 등) Elasticsearch..."
3e7b756ca8ec169f,가상화 엔지니어 정규직,서울 서초구,"연봉 40,000,000원 - 50,000,000원",DM/NV 등) 우대사항 1) 정보처리산업기사 이상의 자격을 보유하신 분 2) PowerShell/Bash/ Python 등 System Script 경험이 있는 분 기타정보 1) 삼성전자 반도체 사업장 VMware 가상화...
6f88041c28b6c1ae,한글 Q&A 시스템 연구 개발 신입/경력사원,서울 관악구,,"중(9월예정) [지원자격] - 4년제 대학교 졸업 (전산관련학과 이수 또는 그에 상응하는 교육이수자) - Python, Java, C/C++ 등으로 개발 가능하신 분 - Unix/Linux 시스템에 대한 이해가 있으신 분..."
3eb1178e630a95f9,"GIST 고등광기술연구소 (박사 후 연구원 및 위촉연구원, 전문연구요원)",광주 북구,,"초강력레이저 - 광학 연구 개발, 우주 레이저 개발 석사이상 - Matlab, Labview, Python 등 경험자 - 인공지능 프로그래밍 경험자 FPGA 경험자 - 나노입자/나노구조체 제조 관련 경험자..."
de4846ca13ae739e,"Graduate Software Engineer, Linux-based development",서울,,"you apply here. Our primary software engineering stack is Python, Golang, React, Rust and Kubernetes... course we touch..."
07375dc4e800dfa9,추천 시스템 소프트웨어 엔지니어,성남 판교역,,"관련 업무 경험자 우대사항 - 운영체제, 네트워크, 컴파일러, 데이터베이스에 대한 이해가 깊으신 분 - Python, C++, GPU 프로그래밍 숙련자 - 대용량/실시간 서비스 개발/운영 경험이 많으신 분 - ICPC..."
b6eea437d4af95fd,[더블유게임즈 자회사] 기획/디자인/개발/데이터분석,서울 강남구,,터넷·IT·통신·모바일·게임>응용프로그래머>JAVA|인터넷·IT·통신·모바일·게임>응용프로그래머>C#|인터넷·IT·통신·모바일·게임>응용프로그래머>Objective-C|인터넷·IT·통신·모바일·게임>응용프로그래머> Python
4d08d3e1f1815e21,현대백화점 H.Point팀 데이터 분석/기획 경력,서울 삼성역,,"적용 모델링 - OLAP툴, R, Python, SQL 등 활용 분석 수행 및 리포팅 - 학사 이상 학위 취득자 - OLAP툴 사용 경험(3년 이상) - R, Python, SQL 등 심화 분석툴 경험(2년..."
041f571c19d01c97,Sr. Application Engineer Consultant - HAV,경기도 성남,,"software engineering Knowledge of scripting using Perl, Python, Makefile with UNIX... LINUX platforms Knowledge..."
d83fc0dd2641f483,전문연구요원 (병역특례) 수시 (AI / SW 분야),성남 분당구,"연봉 40,000,000원 - 100,000,000원",요구 능력] - ASM/C/C++/ Python 언어 코딩 기술 - 운영체제... 경험 - Windows/Linux 상에서 C++/ Python 언어 사용 개발 경험 - C++ / Python 언어 사용 개발 경험 - 객체지향 설계에...
3f942ebf840f7acd,한국통계정보원 통계 분야 직원(경력),대전 서구,,"SAS, R, SPSS, Python 등) 경험자 [우대조건] - SAS... 처리, 통계업무 경험 보유- 통계 관련 업무(SAS, R, SPSS, Python 등) 경험자[우대조건]- 데이터 품질·표준화 과정 운영·관리 경험자..."
04d685fc70b67d4e,Linux/Python/PHP/MySQL/백엔드 정규직 경력,용인 보정동,,"보유 - DBMS(MySQL or MariaDB), scripting Language: bash, python, OOP 언어 중 가능자 - Back-End 서버를 개발해 보신 분 [우대사항] - Go(aka GoLang..."
918468d6e12a17e8,네트워크 엔지니어링,성남 판교역,,"관리 도구 개발/운영 - 관련학과 졸업 후, 경력 3년 이상 - 리눅스 환경 개발 경력 2년 이상 - Python, Django, Javascript 관련 개발 경험 - CCNA 또는 JNCIA 이상의 자격증 보유..."
a692f83229bd339f,Datacenter Engineer,서울,,"Base Operating System Install • Some experience with Perl, Python, Bash or Java • Core OS Services: ssh, telnet, ftp, nfs..."
ea9918b20aa10f90,Applications Engineer (CATS/SmartMRC),대한민국,,"3+ years experiences Scripting skills for Linux, TCL, Python, Perl Excellent communication and organizational skills..."
4721ceaf47437a8b,BI팀 채용,용인 기흥구,,"해석 1. 학력 : 석사이상 (2개월 이내 근무 가능자) 2. 생명정보학 전공자 3. 프로그래밍 가능자 ( Python, Perl, R 등) 4. Germline / Somatic / Cell-free DNA NGS 데이터를..."
2b2dcd3ffe3d53df,카카오 데이터의 가치를 발굴할 데이터 분석가 모집,성남 판교역,,"통계량 이해 및 해석) - 데이터 분석 업무를 수행할 수 있는 언어 스킬 필수 1) SQL 필수 2) R 또는 Python을 다룰 수 있는 분 (SAS, SPSS, GA, tableau 등 통계 툴만 사용 가능한 경우 제외..."
1e708a23b9f87c19,JAVA 개발자 경력직/신입,서울 성동구,,"경력직 정규직 채용 모집부문 및 자격요건 담당업무 자격요건 인원 [담당업무]Back-end 개발자(java, python 등)- Restful API 서비스 설계/연동 개발(Spring)- web 서비스 백엔드 개발front..."
65da831cb9d5a6b5,DGIST 계약직 연구원 및 일반직원 초빙 공고,대구 현풍면,,"구축 및 생물학 데이터 분석 Tool 개발 및 유지 다양한 프로그래밍(Java, Perl, C++, Python) 우대 사항 관련 분야 석사학위 소지자 유전체, 단백체, 대사체 데이터 분석 유경험자(3년 이상..."
ba6a0ebb6ad9cd18,IT 인프라 운영 도구 개발,성남 판교역,,"모니터링 시스템 Web 개발 - 경력 4년 이상 - Linux 환경(LAMP) 경력 3년 이상 - Python, Django, Javascript, PHP 경험 - 다양한 Front-end 프레임 워크 사용 경험..."
215560c82215171d,(주)이루텔럭키 소프트웨어개발자,경기도 군포,,"MS SQL, Oracle, MySQL 등 DBMS 설계 및 운영 가능자 - 웹, DB서버 구축 및 유지 가능자 인터넷·IT·통신·모바일·게임>웹프로그래머>JAVA|인터넷·IT·통신·모바일·게임>웹프로그래머> Python"
f384026e8fdd4b35,솔루션(웹/서버/통신) 프로그램 개발,서울 중구,,인터넷·IT·통신·모바일·게임>웹프로그래머>백엔드|인터넷·IT·통신·모바일·게임>웹프로그래머>프론트엔드|인터넷·IT·통신·모바일·게임>웹프로그래머> Python|인터넷·IT·통신·모바일·게임>빅데이터·AI(인공지능)>음성인식
692f118ecbdf4a69,Staff Data Scientist (Eats),서울,,"기술을 적용해본 업무 경험. 해당 분야의 5년 이상 전문 경력 선호. Python/R 등의 프로그래밍을 통해 데이터 조작, 알고리즘 및 모델 개발... experience using Python/R to manipulate..."
20b5a95b14ab7935,Application Developer,서울,,"experience (e.g. Java, Python, C++, Scala... 너와 서버리스 기술 경험 · 프로그래밍 언어 경험 (예 : Java, Python, C ++, Scala, Go, Ruby 등) · 애플리케이션 개발..."
eff6d38d4767ff87,Software Engineer,서울,,"parallel computing TECHNOLOGIES: Languages programming: Python, GO, C++, Java, Scala, JavaScript, TypeScript DevOps: Docker..."
f0e8aef4279cd496,CTO부문 자동화 SW 개발 석사 신입사원,서울 강서구,,Tool 자동화 SW 아키텍쳐 설계 및 구현 - 자동화 SW 인터페이스 구현 필요 역량 및 우대 사항 - Python 또는 java 활용 역량 - CAD/CAE 관련 전공 또는 경험 우대 - 리눅스 기반 개발 경험 우대 공통...
1f61f1edb069d4f6,Sr. Corporate Application Engineer – Calibre DS,경기도 성남,,"Linux OS, and previous experience with scripting or Tcl/ Python/Perl programming preferred Familiar with Siemens EDA’s Calibre..."
3415a2ec10f41d98,[램플코딩학원] 온오프라인 코딩 강사,대전 서구,"시급 40,000원","우대사항]ㆍ전공계열: 공학계열(컴퓨터공학, 소프트웨어공학, 시스템공학)ㆍ자격증: 정보처리기사ㆍC언어, Python 가능자ㆍ아두이노 로봇 강의 가능자 우대ㆍ자격증반/대회반 교육 경력자 우대 00 명 근무조건 고용형태: 계약직..."
bc571f1ac6514983,Jr. Back-end Engineer (Node.js),서울 강남구,,"을 통한 협업 경험이 있으신 분 이런 분이라면 더욱 좋아요 Java, Python 등을 활용해서 서버 개발 업무를 수행한 경험이 있으신 분 Python web framework(Django, Flask, Falcon..."
2b26f02750094ac2,가입자망 IP장비 설정 및 자동화를 위한 경력사원,서울특별시,,"컴퓨터) 우대 - 직무경험 ① 프로그래밍 언어를 이용한 개발역량 보유(필수) : C, Java script, Python 중 택 1 ② Switch/Router 장비 기술 업무(선택) : 경험 2년이상 ③ 통신망 설계/구축..."
ced15ce8e8c9c0b8,[진행중] 우리은행 AI사업부 전문직(인공지능[AI]모델링) 채용공고,서울 회현동,,"포함 디지털 서비스 기획 경험자 - 인공지능 알고리즘 설계/검증 및 성능 개선 업무 경력 보유 - Python, R 등 프로그래밍 활용 역량 보유 - 은행, 카드, 보험 등 금융 분야 프로젝트 경험자 우대사항..."
ab58a5f77dd9c9c8,[NAVER Cloud] 빅데이터 분석 플랫폼 개발,성남 분당구,,빅데이터|인터넷·IT·통신·모바일·게임>빅데이터·AI(인공지능)> Python|인터넷·IT·통신·모바일·게임>ERP·시스템분석·설계>빅데이터|인터넷... 로그래머>JAVA|인터넷·IT·통신·모바일·게임>응용프로그래머> Python
466547f7a5577282,자유롭게 소통하며 함께 일할 IT/SW 개발팀 정규직,경상북도 경산,,"AWS, 네이버 클라우드 등)을 활용한 설계, 개발, 운용 경험 - Python을 이용한 데이터 처리 및 AI 개발 경험 - OpenCV를 이용한... 용한 설계, 개발, 운용 경험- Python을 이용한 데이터 처리 및 AI..."
54ce47c4db974112,DGIST HumanLAB(인간중심지능형시스템연구실) 연수연구원 채용 공고,대구 현풍면,,경험자 Matlab 또는 Python 활용 능력 우수자 국가연구... 프트웨어 설계 및 구현 가능자 Matlab/Simulink 또는 Python 활용 능력 우수자 국가연구 개발(R&D)사업 참여 경험자 영어...
b9111853e8754517,고등광기술연구소 계약직 연구원,광주 북구,,"이저 연구/개발 2. 레이저/포토닉스-인공지능융합연구(Matlab/ Python,Labview/FPGA/Raspberry Pi 등 경험자, 혹은 공부... 인공지능 융합연구 (Matlab/ python,Labview/ FPGA..."
04c31e4f5c277f31,"Software Engineer, Robotics",서울,,"구하고 필요한 기능을 개발합니다. 차세대 로봇 플랫폼 개발에 필요한 선행 연구를 수행합니다. 자격 요건 Python 및 C++ 개발 경력 3년 이상 혹은 그에 준하는 실력을 갖추신 분 알고리즘, 자료구조, 운영체제에 대한..."
